{
  "IcoMoonType": "selection",
  "icons": [
    {
      "icon": {
        "paths": [
          "M1007.999 522.971c0-274-222-496-495.999-496s-496 222-496 496c0 248.001 180 454.001 418 489.999v-345.998h-126.002v-144.001h126.002v-108c0-124 74-194 185.999-194 56.001 0 111.999 10 111.999 10v122.001h-61.999c-62.002 0-81.999 37.999-81.999 78v91.999h138l-22.001 144.001h-115.999v345.998c237.998-35.998 419.998-241.998 419.998-489.999z"
        ],
        "attrs": [
          {
            "fill": "rgb(255, 255, 255)"
          }
        ],
        "isMulticolor": false,
        "isMulticolor2": false,
        "grid": 0,
        "tags": [
          "fb"
        ]
      },
      "attrs": [
        {
          "fill": "rgb(255, 255, 255)"
        }
      ],
      "properties": {
        "order": 2,
        "id": 3,
        "name": "fb",
        "prevSize": 32
      },
      "setIdx": 0,
      "setId": 2,
      "iconIdx": 0
    },
    {
      "icon": {
        "paths": [
          "M232 1024v-675.163h-210v675.163h210zM125.871 258.516c67.742 0 121.935-56.451 121.935-124.193 0-65.484-54.193-119.678-121.935-119.678-65.484 0-119.678 54.193-119.678 119.678 0 67.742 54.193 124.193 119.678 124.193zM1015.547 1024h2.259v-370.321c0-180.647-40.646-320.647-252.905-320.647-101.611 0-169.353 56.452-198.709 108.389h-2.256v-92.583h-200.968v675.163h209.999v-334.194c0-88.064 15.806-171.612 124.195-171.612 108.385 0 110.645 99.354 110.645 178.387v327.419h207.74z"
        ],
        "attrs": [
          {
            "fill": "rgb(255, 255, 255)"
          }
        ],
        "isMulticolor": false,
        "isMulticolor2": false,
        "grid": 0,
        "tags": [
          "linked"
        ]
      },
      "attrs": [
        {
          "fill": "rgb(255, 255, 255)"
        }
      ],
      "properties": {
        "order": 3,
        "id": 2,
        "name": "linked",
        "prevSize": 32
      },
      "setIdx": 0,
      "setId": 2,
      "iconIdx": 1
    },
    {
      "icon": {
        "paths": [
          "M1071.002 265.066c46.664-35 88.665-77 121.33-126-41.998 18.666-90.999 32.667-139.998 37.333 51.333-30.333 88.665-77 107.332-135.334-46.667 28-100.332 49-153.999 60.667-46.667-49-109.667-77-179.668-77-135.332 0-244.999 109.667-244.999 245 0 18.667 2.331 37.333 7.001 56-203.001-11.667-385.001-109.667-506.335-256.667-21 35-32.667 77-32.667 123.666 0 84 42 158.666 109.667 203.002-39.667-2.335-79.333-11.667-112-30.334v2.331c0 119.002 84 217.003 196 240.336-18.667 4.666-42 9.332-63 9.332-16.333 0-30.333-2.335-46.667-4.666 30.334 98 121.333 167.997 228.667 170.332-84 65.335-189 105.001-303.333 105.001-21 0-39.667-2.335-58.333-4.666 107.333 69.997 235.667 109.667 375.668 109.667 450.331 0 695.334-371.002 695.334-695.335 0-11.667 0-21 0-32.667z"
        ],
        "attrs": [
          {
            "fill": "rgb(255, 255, 255)"
          }
        ],
        "width": 1195,
        "isMulticolor": false,
        "isMulticolor2": false,
        "grid": 0,
        "tags": [
          "tweet"
        ]
      },
      "attrs": [
        {
          "fill": "rgb(255, 255, 255)"
        }
      ],
      "properties": {
        "order": 4,
        "id": 1,
        "name": "tweet",
        "prevSize": 32
      },
      "setIdx": 0,
      "setId": 2,
      "iconIdx": 2
    },
    {
      "icon": {
        "paths": [
          "M1397.259 186.593c-15.557-62.222-64.815-111.481-124.446-127.037-111.479-31.111-552.22-31.111-552.22-31.111s-443.333 0-554.815 31.111c-59.629 15.556-108.889 64.815-124.444 127.037-31.111 108.889-31.111 342.224-31.111 342.224s0 230.738 31.111 342.221c15.556 62.221 64.815 108.889 124.444 124.443 111.482 28.52 554.815 28.52 554.815 28.52s440.741 0 552.22-28.52c59.631-15.553 108.889-62.221 124.446-124.443 31.111-111.483 31.111-342.221 31.111-342.221s0-233.335-31.111-342.224zM575.408 738.816v-420.001l368.147 210.002-368.147 210z"
        ],
        "attrs": [
          {
            "fill": "rgb(255, 255, 255)"
          }
        ],
        "width": 1441,
        "isMulticolor": false,
        "isMulticolor2": false,
        "grid": 0,
        "tags": [
          "youtube"
        ]
      },
      "attrs": [
        {
          "fill": "rgb(255, 255, 255)"
        }
      ],
      "properties": {
        "order": 5,
        "id": 0,
        "name": "youtube",
        "prevSize": 32
      },
      "setIdx": 0,
      "setId": 2,
      "iconIdx": 3
    }
  ],
  "height": 1024,
  "preferences": {
    "showGlyphs": true,
    "showQuickUse": true,
    "showQuickUse2": true,
    "showSVGs": true,
    "fontPref": {
      "prefix": "icon-",
      "metadata": {
        "fontFamily": "icomoon"
      },
      "metrics": {
        "emSize": 1024,
        "baseline": 6.25,
        "whitespace": 50
      },
      "embed": false
    },
    "imagePref": {
      "prefix": "icon-",
      "png": false,
      "useClassSelector": false,
      "color": 0,
      "bgColor": 16777215,
      "classSelector": ".icon",
      "name": "icomoon",
      "height": 32,
      "columns": 16,
      "margin": 16
    },
    "historySize": 50,
    "showCodes": true,
    "gridSize": 16
  }
}